{
  "pdd_z0-1": {
    "lo_cm": [
      -1.0,
      -1.0,
      0.0
    ],
    "hi_cm": [
      1.0,
      1.0,
      1.0
    ],
    "mass_g": 4.0,
    "mean_Gy_per_history": 4.74183409797156e-15,
    "sem_Gy_per_history": 9.90670927986932e-18,
    "rel_err": 0.0020892146530616003
  },
  "pdd_z1-2": {
    "lo_cm": [
      -1.0,
      -1.0,
      1.0
    ],
    "hi_cm": [
      1.0,
      1.0,
      2.0
    ],
    "mass_g": 4.0,
    "mean_Gy_per_history": 4.71160562810484e-15,
    "sem_Gy_per_history": 1.029339909885218e-17,
    "rel_err": 0.002184690296966242
  },
  "pdd_z2-3": {
    "lo_cm": [
      -1.0,
      -1.0,
      2.0
    ],
    "hi_cm": [
      1.0,
      1.0,
      3.0
    ],
    "mass_g": 4.0,
    "mean_Gy_per_history": 4.40202179510944e-15,
    "sem_Gy_per_history": 1.01046842391491e-17,
    "rel_err": 0.0022954643819290505
  },
  "pdd_z3-4": {
    "lo_cm": [
      -1.0,
      -1.0,
      3.0
    ],
    "hi_cm": [
      1.0,
      1.0,
      4.0
    ],
    "mass_g": 4.0,
    "mean_Gy_per_history": 4.039173033669642e-15,
    "sem_Gy_per_history": 9.812706873949367e-18,
    "rel_err": 0.0024293851221903195
  },
  "pdd_z4-5": {
    "lo_cm": [
      -1.0,
      -1.0,
      4.0
    ],
    "hi_cm": [
      1.0,
      1.0,
      5.0
    ],
    "mass_g": 4.0,
    "mean_Gy_per_history": 3.614127923186617e-15,
    "sem_Gy_per_history": 9.371681241065315e-18,
    "rel_err": 0.0025930684912785816
  },
  "pdd_z5-6": {
    "lo_cm": [
      -1.0,
      -1.0,
      5.0
    ],
    "hi_cm": [
      1.0,
      1.0,
      6.0
    ],
    "mass_g": 4.0,
    "mean_Gy_per_history": 3.181004090574173e-15,
    "sem_Gy_per_history": 8.865923836576198e-18,
    "rel_err": 0.002787146317367952
  },
  "pdd_z6-7": {
    "lo_cm": [
      -1.0,
      -1.0,
      6.0
    ],
    "hi_cm": [
      1.0,
      1.0,
      7.0
    ],
    "mass_g": 4.0,
    "mean_Gy_per_history": 2.7771491079647652e-15,
    "sem_Gy_per_history": 8.318987949314288e-18,
    "rel_err": 0.0029955136097862822
  },
  "pdd_z7-8": {
    "lo_cm": [
      -1.0,
      -1.0,
      7.0
    ],
    "hi_cm": [
      1.0,
      1.0,
      8.0
    ],
    "mass_g": 4.0,
    "mean_Gy_per_history": 2.4047539620775855e-15,
    "sem_Gy_per_history": 7.785653258810564e-18,
    "rel_err": 0.003237609078345859
  },
  "pdd_z8-9": {
    "lo_cm": [
      -1.0,
      -1.0,
      8.0
    ],
    "hi_cm": [
      1.0,
      1.0,
      9.0
    ],
    "mass_g": 4.0,
    "mean_Gy_per_history": 2.0832259686549536e-15,
    "sem_Gy_per_history": 7.286611386869394e-18,
    "rel_err": 0.0034977537225949784
  },
  "pdd_z9-10": {
    "lo_cm": [
      -1.0,
      -1.0,
      9.0
    ],
    "hi_cm": [
      1.0,
      1.0,
      10.0
    ],
    "mass_g": 4.0,
    "mean_Gy_per_history": 1.7877370583032476e-15,
    "sem_Gy_per_history": 6.8081717695659376e-18,
    "rel_err": 0.003808262371664218
  },
  "pdd_z10-11": {
    "lo_cm": [
      -1.0,
      -1.0,
      10.0
    ],
    "hi_cm": [
      1.0,
      1.0,
      11.0
    ],
    "mass_g": 4.0,
    "mean_Gy_per_history": 1.532053219981866e-15,
    "sem_Gy_per_history": 6.3118407498579276e-18,
    "rel_err": 0.0041198573701849844
  },
  "pdd_z11-12": {
    "lo_cm": [
      -1.0,
      -1.0,
      11.0
    ],
    "hi_cm": [
      1.0,
      1.0,
      12.0
    ],
    "mass_g": 4.0,
    "mean_Gy_per_history": 1.3023020718004223e-15,
    "sem_Gy_per_history": 5.829117502012659e-18,
    "rel_err": 0.004476010311458655
  },
  "pdd_z12-13": {
    "lo_cm": [
      -1.0,
      -1.0,
      12.0
    ],
    "hi_cm": [
      1.0,
      1.0,
      13.0
    ],
    "mass_g": 4.0,
    "mean_Gy_per_history": 1.1147010629283177e-15,
    "sem_Gy_per_history": 5.43814574620016e-18,
    "rel_err": 0.004878568727578102
  },
  "pdd_z13-14": {
    "lo_cm": [
      -1.0,
      -1.0,
      13.0
    ],
    "hi_cm": [
      1.0,
      1.0,
      14.0
    ],
    "mass_g": 4.0,
    "mean_Gy_per_history": 9.43379861679284e-16,
    "sem_Gy_per_history": 5.019362102161566e-18,
    "rel_err": 0.005320616122997093
  },
  "pdd_z14-15": {
    "lo_cm": [
      -1.0,
      -1.0,
      14.0
    ],
    "hi_cm": [
      1.0,
      1.0,
      15.0
    ],
    "mass_g": 4.0,
    "mean_Gy_per_history": 7.891004381691748e-16,
    "sem_Gy_per_history": 4.584128704700154e-18,
    "rel_err": 0.005809309541553398
  },
  "lat_shallow_x-8--7": {
    "lo_cm": [
      -8.0,
      -1.0,
      0.0
    ],
    "hi_cm": [
      -7.0,
      1.0,
      1.0
    ],
    "mass_g": 2.0,
    "mean_Gy_per_history": 3.5597858072207533e-16,
    "sem_Gy_per_history": 3.9984940710270635e-18,
    "rel_err": 0.011232400732977878
  },
  "lat_shallow_x-7--6": {
    "lo_cm": [
      -7.0,
      -1.0,
      0.0
    ],
    "hi_cm": [
      -6.0,
      1.0,
      1.0
    ],
    "mass_g": 2.0,
    "mean_Gy_per_history": 5.049487038824087e-16,
    "sem_Gy_per_history": 4.7010806514687486e-18,
    "rel_err": 0.00931001627556118
  },
  "lat_shallow_x-6--5": {
    "lo_cm": [
      -6.0,
      -1.0,
      0.0
    ],
    "hi_cm": [
      -5.0,
      1.0,
      1.0
    ],
    "mass_g": 2.0,
    "mean_Gy_per_history": 8.015576931914686e-16,
    "sem_Gy_per_history": 5.881618889979541e-18,
    "rel_err": 0.0073377361853535295
  },
  "lat_shallow_x-5--4": {
    "lo_cm": [
      -5.0,
      -1.0,
      0.0
    ],
    "hi_cm": [
      -4.0,
      1.0,
      1.0
    ],
    "mass_g": 2.0,
    "mean_Gy_per_history": 4.200634740803301e-15,
    "sem_Gy_per_history": 1.2333190955786052e-17,
    "rel_err": 0.0029360303184626656
  },
  "lat_shallow_x-4--3": {
    "lo_cm": [
      -4.0,
      -1.0,
      0.0
    ],
    "hi_cm": [
      -3.0,
      1.0,
      1.0
    ],
    "mass_g": 2.0,
    "mean_Gy_per_history": 4.490391672098826e-15,
    "sem_Gy_per_history": 1.2778567220481007e-17,
    "rel_err": 0.0028457578210562325
  },
  "lat_shallow_x-3--2": {
    "lo_cm": [
      -3.0,
      -1.0,
      0.0
    ],
    "hi_cm": [
      -2.0,
      1.0,
      1.0
    ],
    "mass_g": 2.0,
    "mean_Gy_per_history": 4.625618678048695e-15,
    "sem_Gy_per_history": 1.3030311748529327e-17,
    "rel_err": 0.0028169878789113954
  },
  "lat_shallow_x-2--1": {
    "lo_cm": [
      -2.0,
      -1.0,
      0.0
    ],
    "hi_cm": [
      -1.0,
      1.0,
      1.0
    ],
    "mass_g": 2.0,
    "mean_Gy_per_history": 4.672852692791061e-15,
    "sem_Gy_per_history": 1.3065626576535989e-17,
    "rel_err": 0.0027960707164368117
  },
  "lat_shallow_x-1-0": {
    "lo_cm": [
      -1.0,
      -1.0,
      0.0
    ],
    "hi_cm": [
      0.0,
      1.0,
      1.0
    ],
    "mass_g": 2.0,
    "mean_Gy_per_history": 4.751379693574781e-15,
    "sem_Gy_per_history": 1.3183233228736537e-17,
    "rel_err": 0.0027746116031442452
  },
  "lat_shallow_x0-1": {
    "lo_cm": [
      0.0,
      -1.0,
      0.0
    ],
    "hi_cm": [
      1.0,
      1.0,
      1.0
    ],
    "mass_g": 2.0,
    "mean_Gy_per_history": 4.73228850236834e-15,
    "sem_Gy_per_history": 1.3178748421867918e-17,
    "rel_err": 0.0027848573507875587
  },
  "lat_shallow_x1-2": {
    "lo_cm": [
      1.0,
      -1.0,
      0.0
    ],
    "hi_cm": [
      2.0,
      1.0,
      1.0
    ],
    "mass_g": 2.0,
    "mean_Gy_per_history": 4.696861152470215e-15,
    "sem_Gy_per_history": 1.312335478815073e-17,
    "rel_err": 0.0027940691372681475
  },
  "lat_shallow_x2-3": {
    "lo_cm": [
      2.0,
      -1.0,
      0.0
    ],
    "hi_cm": [
      3.0,
      1.0,
      1.0
    ],
    "mass_g": 2.0,
    "mean_Gy_per_history": 4.614335882651224e-15,
    "sem_Gy_per_history": 1.300463125501785e-17,
    "rel_err": 0.0028183104970559442
  },
  "lat_shallow_x3-4": {
    "lo_cm": [
      3.0,
      -1.0,
      0.0
    ],
    "hi_cm": [
      4.0,
      1.0,
      1.0
    ],
    "mass_g": 2.0,
    "mean_Gy_per_history": 4.466732951454927e-15,
    "sem_Gy_per_history": 1.2765407171072312e-17,
    "rel_err": 0.002857884567940042
  },
  "lat_shallow_x4-5": {
    "lo_cm": [
      4.0,
      -1.0,
      0.0
    ],
    "hi_cm": [
      5.0,
      1.0,
      1.0
    ],