{
  "pdd_z0-1": {
    "lo_cm": [
      -1.0,
      -1.0,
      0.0
    ],
    "hi_cm": [
      1.0,
      1.0,
      1.0
    ],
    "mass_g": 4.0,
    "mean_Gy_per_history": 4.771008855356413e-15,
    "sem_Gy_per_history": 9.9930766970371e-18,
    "rel_err": 0.002094541636789852
  },
  "pdd_z1-2": {
    "lo_cm": [
      -1.0,
      -1.0,
      1.0
    ],
    "hi_cm": [
      1.0,
      1.0,
      2.0
    ],
    "mass_g": 4.0,
    "mean_Gy_per_history": 4.737636368474074e-15,
    "sem_Gy_per_history": 1.0380847972710484e-17,
    "rel_err": 0.0021911449434550015
  },
  "pdd_z2-3": {
    "lo_cm": [
      -1.0,
      -1.0,
      2.0
    ],
    "hi_cm": [
      1.0,
      1.0,
      3.0
    ],
    "mass_g": 4.0,
    "mean_Gy_per_history": 4.441739529382013e-15,
    "sem_Gy_per_history": 1.0258473128652882e-17,
    "rel_err": 0.002309562067022008
  },
  "pdd_z3-4": {
    "lo_cm": [
      -1.0,
      -1.0,
      3.0
    ],
    "hi_cm": [
      1.0,
      1.0,
      4.0
    ],
    "mass_g": 4.0,
    "mean_Gy_per_history": 4.0518582077022555e-15,
    "sem_Gy_per_history": 9.904261834345438e-18,
    "rel_err": 0.00244437522900437
  },
  "pdd_z4-5": {
    "lo_cm": [
      -1.0,
      -1.0,
      4.0
    ],
    "hi_cm": [
      1.0,
      1.0,
      5.0
    ],
    "mass_g": 4.0,
    "mean_Gy_per_history": 3.619491156352168e-15,
    "sem_Gy_per_history": 9.451253509396309e-18,
    "rel_err": 0.0026112105545027953
  },
  "pdd_z5-6": {
    "lo_cm": [
      -1.0,
      -1.0,
      5.0
    ],
    "hi_cm": [
      1.0,
      1.0,
      6.0
    ],
    "mass_g": 4.0,
    "mean_Gy_per_history": 3.1955623898453566e-15,
    "sem_Gy_per_history": 8.949609932332698e-18,
    "rel_err": 0.00280063689595677
  },
  "pdd_z6-7": {
    "lo_cm": [
      -1.0,
      -1.0,
      6.0
    ],
    "hi_cm": [
      1.0,
      1.0,
      7.0
    ],
    "mass_g": 4.0,
    "mean_Gy_per_history": 2.795487469312309e-15,
    "sem_Gy_per_history": 8.450528958965506e-18,
    "rel_err": 0.0030229178458969588
  },
  "pdd_z7-8": {
    "lo_cm": [
      -1.0,
      -1.0,
      7.0
    ],
    "hi_cm": [
      1.0,
      1.0,
      8.0
    ],
    "mass_g": 4.0,
    "mean_Gy_per_history": 2.41548820645566e-15,
    "sem_Gy_per_history": 7.878947095995078e-18,
    "rel_err": 0.0032618445724295893
  },
  "pdd_z8-9": {
    "lo_cm": [
      -1.0,
      -1.0,
      8.0
    ],
    "hi_cm": [
      1.0,
      1.0,
      9.0
    ],
    "mass_g": 4.0,
    "mean_Gy_per_history": 2.0803582518387414e-15,
    "sem_Gy_per_history": 7.340137941844322e-18,
    "rel_err": 0.0035283047693139783
  },
  "pdd_z9-10": {
    "lo_cm": [
      -1.0,
      -1.0,
      9.0
    ],
    "hi_cm": [
      1.0,
      1.0,
      10.0
    ],
    "mass_g": 4.0,
    "mean_Gy_per_history": 1.7833660599767786e-15,
    "sem_Gy_per_history": 6.846562368199023e-18,
    "rel_err": 0.003839123398080242
  },
  "pdd_z10-11": {
    "lo_cm": [
      -1.0,
      -1.0,
      10.0
    ],
    "hi_cm": [
      1.0,
      1.0,
      11.0
    ],
    "mass_g": 4.0,
    "mean_Gy_per_history": 1.5102276812099193e-15,
    "sem_Gy_per_history": 6.306612152223731e-18,
    "rel_err": 0.0041759346823594095
  },
  "pdd_z11-12": {
    "lo_cm": [
      -1.0,
      -1.0,
      11.0
    ],
    "hi_cm": [
      1.0,
      1.0,
      12.0
    ],
    "mass_g": 4.0,
    "mean_Gy_per_history": 1.2881283184983729e-15,
    "sem_Gy_per_history": 5.855631184634125e-18,
    "rel_err": 0.004545844618539471
  },
  "pdd_z12-13": {
    "lo_cm": [
      -1.0,
      -1.0,
      12.0
    ],
    "hi_cm": [
      1.0,
      1.0,
      13.0
    ],
    "mass_g": 4.0,
    "mean_Gy_per_history": 1.0891818855351782e-15,
    "sem_Gy_per_history": 5.4039529691960075e-18,
    "rel_err": 0.004961478923734333
  },
  "pdd_z13-14": {
    "lo_cm": [
      -1.0,
      -1.0,
      13.0
    ],
    "hi_cm": [
      1.0,
      1.0,
      14.0
    ],
    "mass_g": 4.0,
    "mean_Gy_per_history": 9.235122986480522e-16,
    "sem_Gy_per_history": 4.990181842876001e-18,
    "rel_err": 0.005403481740504405
  },
  "pdd_z14-15": {
    "lo_cm": [
      -1.0,
      -1.0,
      14.0
    ],
    "hi_cm": [
      1.0,
      1.0,
      15.0
    ],
    "mass_g": 4.0,
    "mean_Gy_per_history": 7.723746526211453e-16,
    "sem_Gy_per_history": 4.591925587306947e-18,
    "rel_err": 0.005945204923185531
  },
  "lat_shallow_x-8--7": {
    "lo_cm": [
      -8.0,
      -1.0,
      0.0
    ],
    "hi_cm": [
      -7.0,
      1.0,
      1.0
    ],
    "mass_g": 2.0,
    "mean_Gy_per_history": 3.534581277497136e-16,
    "sem_Gy_per_history": 3.991853905981114e-18,
    "rel_err": 0.011293710888458552
  },
  "lat_shallow_x-7--6": {
    "lo_cm": [
      -7.0,
      -1.0,
      0.0
    ],
    "hi_cm": [
      -6.0,
      1.0,
      1.0
    ],
    "mass_g": 2.0,
    "mean_Gy_per_history": 5.175041033542877e-16,
    "sem_Gy_per_history": 4.802097596342063e-18,
    "rel_err": 0.009279342067466672
  },
  "lat_shallow_x-6--5": {
    "lo_cm": [
      -6.0,
      -1.0,
      0.0
    ],
    "hi_cm": [
      -5.0,
      1.0,
      1.0
    ],
    "mass_g": 2.0,
    "mean_Gy_per_history": 8.139885395710028e-16,
    "sem_Gy_per_history": 5.9227359070952675e-18,
    "rel_err": 0.007276190780544322
  },
  "lat_shallow_x-5--4": {
    "lo_cm": [
      -5.0,
      -1.0,
      0.0
    ],
    "hi_cm": [
      -4.0,
      1.0,
      1.0
    ],
    "mass_g": 2.0,
    "mean_Gy_per_history": 4.229201804405423e-15,
    "sem_Gy_per_history": 1.2415089010277146e-17,
    "rel_err": 0.0029355631593046116
  },
  "lat_shallow_x-4--3": {
    "lo_cm": [
      -4.0,
      -1.0,
      0.0
    ],
    "hi_cm": [
      -3.0,
      1.0,
      1.0
    ],
    "mass_g": 2.0,
    "mean_Gy_per_history": 4.501055778670921e-15,
    "sem_Gy_per_history": 1.2833663225982792e-17,
    "rel_err": 0.0028512562067765216
  },
  "lat_shallow_x-3--2": {
    "lo_cm": [
      -3.0,
      -1.0,
      0.0
    ],
    "hi_cm": [
      -2.0,
      1.0,
      1.0
    ],
    "mass_g": 2.0,
    "mean_Gy_per_history": 4.67369310279805e-15,
    "sem_Gy_per_history": 1.3110047545056436e-17,
    "rel_err": 0.002805072403493439
  },
  "lat_shallow_x-2--1": {
    "lo_cm": [
      -2.0,
      -1.0,
      0.0
    ],
    "hi_cm": [
      -1.0,
      1.0,
      1.0
    ],
    "mass_g": 2.0,
    "mean_Gy_per_history": 4.7555952638153055e-15,
    "sem_Gy_per_history": 1.3261634446118835e-17,
    "rel_err": 0.002788638164190476
  },
  "lat_shallow_x-1-0": {
    "lo_cm": [
      -1.0,
      -1.0,
      0.0
    ],
    "hi_cm": [
      0.0,
      1.0,
      1.0
    ],
    "mass_g": 2.0,
    "mean_Gy_per_history": 4.771346697428239e-15,
    "sem_Gy_per_history": 1.3271643554976273e-17,
    "rel_err": 0.002781529911068861
  },
  "lat_shallow_x0-1": {
    "lo_cm": [
      0.0,
      -1.0,
      0.0
    ],
    "hi_cm": [
      1.0,
      1.0,
      1.0
    ],
    "mass_g": 2.0,
    "mean_Gy_per_history": 4.7706710132845885e-15,
    "sem_Gy_per_history": 1.3269901558859812e-17,
    "rel_err": 0.002781558720336814
  },
  "lat_shallow_x1-2": {
    "lo_cm": [
      1.0,
      -1.0,
      0.0
    ],
    "hi_cm": [
      2.0,
      1.0,
      1.0
    ],
    "mass_g": 2.0,
    "mean_Gy_per_history": 4.711302123877966e-15,
    "sem_Gy_per_history": 1.3198163439613241e-17,
    "rel_err": 0.002801383373976783
  },
  "lat_shallow_x2-3": {
    "lo_cm": [
      2.0,
      -1.0,
      0.0
    ],
    "hi_cm": [
      3.0,
      1.0,
      1.0
    ],
    "mass_g": 2.0,
    "mean_Gy_per_history": 4.6640012665465214e-15,
    "sem_Gy_per_history": 1.3105680432235841e-17,
    "rel_err": 0.0028099650242891113
  },
  "lat_shallow_x3-4": {
    "lo_cm": [
      3.0,
      -1.0,
      0.0
    ],
    "hi_cm": [
      4.0,
      1.0,
      1.0
    ],
    "mass_g": 2.0,
    "mean_Gy_per_history": 4.513656129999133e-15,
    "sem_Gy_per_history": 1.285907441078523e-17,
    "rel_err": 0.002848926466799255
  },
  "lat_shallow_x4-5": {
    "lo_cm": [
      4.0,
      -1.0,
      0.0
    ],
    "hi_cm": [
      5.0,
      1.0,
      1.0
    ],