{
  "pdd_z0-1": {
    "lo_cm": [
      -1.0,
      -1.0,
      0.0
    ],
    "hi_cm": [
      1.0,
      1.0,
      1.0
    ],
    "mass_g": 4.0,
    "mean_Gy_per_history": 4.76360126937951e-15,
    "sem_Gy_per_history": 9.969491840883386e-18,
    "rel_err": 0.0020928476749234675
  },
  "pdd_z1-2": {
    "lo_cm": [
      -1.0,
      -1.0,
      1.0
    ],
    "hi_cm": [
      1.0,
      1.0,
      2.0
    ],
    "mass_g": 4.0,
    "mean_Gy_per_history": 4.74006303395698e-15,
    "sem_Gy_per_history": 1.0374295659001455e-17,
    "rel_err": 0.002188640865043739
  },
  "pdd_z2-3": {
    "lo_cm": [
      -1.0,
      -1.0,
      2.0
    ],
    "hi_cm": [
      1.0,
      1.0,
      3.0
    ],
    "mass_g": 4.0,
    "mean_Gy_per_history": 4.431872164038223e-15,
    "sem_Gy_per_history": 1.0190452406010211e-17,
    "rel_err": 0.002299356125092945
  },
  "pdd_z3-4": {
    "lo_cm": [
      -1.0,
      -1.0,
      3.0
    ],
    "hi_cm": [
      1.0,
      1.0,
      4.0
    ],
    "mass_g": 4.0,
    "mean_Gy_per_history": 4.068544760931115e-15,
    "sem_Gy_per_history": 9.899622656323818e-18,
    "rel_err": 0.0024332097194521758
  },
  "pdd_z4-5": {
    "lo_cm": [
      -1.0,
      -1.0,
      4.0
    ],
    "hi_cm": [
      1.0,
      1.0,
      5.0
    ],
    "mass_g": 4.0,
    "mean_Gy_per_history": 3.641559324271678e-15,
    "sem_Gy_per_history": 9.456811332414846e-18,
    "rel_err": 0.0025969126108651916
  },
  "pdd_z5-6": {
    "lo_cm": [
      -1.0,
      -1.0,
      5.0
    ],
    "hi_cm": [
      1.0,
      1.0,
      6.0
    ],
    "mass_g": 4.0,
    "mean_Gy_per_history": 3.2059345049847383e-15,
    "sem_Gy_per_history": 8.948054121786549e-18,
    "rel_err": 0.0027910907437047423
  },
  "pdd_z6-7": {
    "lo_cm": [
      -1.0,
      -1.0,
      6.0
    ],
    "hi_cm": [
      1.0,
      1.0,
      7.0
    ],
    "mass_g": 4.0,
    "mean_Gy_per_history": 2.79940840612355e-15,
    "sem_Gy_per_history": 8.396903533451142e-18,
    "rel_err": 0.0029995278699182955
  },
  "pdd_z7-8": {
    "lo_cm": [
      -1.0,
      -1.0,
      7.0
    ],
    "hi_cm": [
      1.0,
      1.0,
      8.0
    ],
    "mass_g": 4.0,
    "mean_Gy_per_history": 2.424371346893867e-15,
    "sem_Gy_per_history": 7.85933192171101e-18,
    "rel_err": 0.003241802016749818
  },
  "pdd_z8-9": {
    "lo_cm": [
      -1.0,
      -1.0,
      8.0
    ],
    "hi_cm": [
      1.0,
      1.0,
      9.0
    ],
    "mass_g": 4.0,
    "mean_Gy_per_history": 2.1004844254371466e-15,
    "sem_Gy_per_history": 7.356247012792606e-18,
    "rel_err": 0.003502166892411804
  },
  "pdd_z9-10": {
    "lo_cm": [
      -1.0,
      -1.0,
      9.0
    ],
    "hi_cm": [
      1.0,
      1.0,
      10.0
    ],
    "mass_g": 4.0,
    "mean_Gy_per_history": 1.802712499511129e-15,
    "sem_Gy_per_history": 6.873530509821488e-18,
    "rel_err": 0.0038128822603080053
  },
  "pdd_z10-11": {
    "lo_cm": [
      -1.0,
      -1.0,
      10.0
    ],
    "hi_cm": [
      1.0,
      1.0,
      11.0
    ],
    "mass_g": 4.0,
    "mean_Gy_per_history": 1.5450178567957931e-15,
    "sem_Gy_per_history": 6.372704893438624e-18,
    "rel_err": 0.004124680414150652
  },
  "pdd_z11-12": {
    "lo_cm": [
      -1.0,
      -1.0,
      11.0
    ],
    "hi_cm": [
      1.0,
      1.0,
      12.0
    ],
    "mass_g": 4.0,
    "mean_Gy_per_history": 1.3134262148327355e-15,
    "sem_Gy_per_history": 5.885437520024489e-18,
    "rel_err": 0.004480980700369223
  },
  "pdd_z12-13": {
    "lo_cm": [
      -1.0,
      -1.0,
      12.0
    ],
    "hi_cm": [
      1.0,
      1.0,
      13.0
    ],
    "mass_g": 4.0,
    "mean_Gy_per_history": 1.1243781116405631e-15,
    "sem_Gy_per_history": 5.4915554411863114e-18,
    "rel_err": 0.004884082484648928
  },
  "pdd_z13-14": {
    "lo_cm": [
      -1.0,
      -1.0,
      13.0
    ],
    "hi_cm": [
      1.0,
      1.0,
      14.0
    ],
    "mass_g": 4.0,
    "mean_Gy_per_history": 9.51613022095416e-16,
    "sem_Gy_per_history": 5.068621523337497e-18,
    "rel_err": 0.005326347376138867
  },
  "pdd_z14-15": {
    "lo_cm": [
      -1.0,
      -1.0,
      14.0
    ],
    "hi_cm": [
      1.0,
      1.0,
      15.0
    ],
    "mass_g": 4.0,
    "mean_Gy_per_history": 7.960045366481825e-16,
    "sem_Gy_per_history": 4.629171795717828e-18,
    "rel_err": 0.005815509312560396
  },
  "lat_shallow_x-8--7": {
    "lo_cm": [
      -8.0,
      -1.0,
      0.0
    ],
    "hi_cm": [
      -7.0,
      1.0,
      1.0
    ],
    "mass_g": 2.0,
    "mean_Gy_per_history": 3.601199477056993e-16,
    "sem_Gy_per_history": 4.0451758628054344e-18,
    "rel_err": 0.011232856964955665
  },
  "lat_shallow_x-7--6": {
    "lo_cm": [
      -7.0,
      -1.0,
      0.0
    ],
    "hi_cm": [
      -6.0,
      1.0,
      1.0
    ],
    "mass_g": 2.0,
    "mean_Gy_per_history": 5.10776585154243e-16,
    "sem_Gy_per_history": 4.755950902545037e-18,
    "rel_err": 0.009311215589706108
  },
  "lat_shallow_x-6--5": {
    "lo_cm": [
      -6.0,
      -1.0,
      0.0
    ],
    "hi_cm": [
      -5.0,
      1.0,
      1.0
    ],
    "mass_g": 2.0,
    "mean_Gy_per_history": 8.107345143675292e-16,
    "sem_Gy_per_history": 5.95028515977388e-18,
    "rel_err": 0.007339375657906733
  },
  "lat_shallow_x-5--4": {
    "lo_cm": [
      -5.0,
      -1.0,
      0.0
    ],
    "hi_cm": [
      -4.0,
      1.0,
      1.0
    ],
    "mass_g": 2.0,
    "mean_Gy_per_history": 4.21635356377483e-15,
    "sem_Gy_per_history": 1.2391666552491105e-17,
    "rel_err": 0.00293895337880466
  },
  "lat_shallow_x-4--3": {
    "lo_cm": [
      -4.0,
      -1.0,
      0.0
    ],
    "hi_cm": [
      -3.0,
      1.0,
      1.0
    ],
    "mass_g": 2.0,
    "mean_Gy_per_history": 4.50933872330304e-15,
    "sem_Gy_per_history": 1.2845103686878767e-17,
    "rel_err": 0.0028485559579941853
  },
  "lat_shallow_x-3--2": {
    "lo_cm": [
      -3.0,
      -1.0,
      0.0
    ],
    "hi_cm": [
      -2.0,
      1.0,
      1.0
    ],
    "mass_g": 2.0,
    "mean_Gy_per_history": 4.646250418946522e-15,
    "sem_Gy_per_history": 1.3102254243800949e-17,
    "rel_err": 0.002819962994326018
  },
  "lat_shallow_x-2--1": {
    "lo_cm": [
      -2.0,
      -1.0,
      0.0
    ],
    "hi_cm": [
      -1.0,
      1.0,
      1.0
    ],
    "mass_g": 2.0,
    "mean_Gy_per_history": 4.694097413646476e-15,
    "sem_Gy_per_history": 1.3138167539694297e-17,
    "rel_err": 0.002798869810732855
  },
  "lat_shallow_x-1-0": {
    "lo_cm": [
      -1.0,
      -1.0,
      0.0
    ],
    "hi_cm": [
      0.0,
      1.0,
      1.0
    ],
    "mass_g": 2.0,
    "mean_Gy_per_history": 4.773162349065696e-15,
    "sem_Gy_per_history": 1.3256988378137163e-17,
    "rel_err": 0.0027774015230661703
  },
  "lat_shallow_x0-1": {
    "lo_cm": [
      0.0,
      -1.0,
      0.0
    ],
    "hi_cm": [
      1.0,
      1.0,
      1.0
    ],
    "mass_g": 2.0,
    "mean_Gy_per_history": 4.754040189693323e-15,
    "sem_Gy_per_history": 1.325292348668568e-17,
    "rel_err": 0.002787718016229183
  },
  "lat_shallow_x1-2": {
    "lo_cm": [
      1.0,
      -1.0,
      0.0
    ],
    "hi_cm": [
      2.0,
      1.0,
      1.0
    ],
    "mass_g": 2.0,
    "mean_Gy_per_history": 4.7181841440678596e-15,
    "sem_Gy_per_history": 1.3196434861045911e-17,
    "rel_err": 0.002796930865370674
  },
  "lat_shallow_x2-3": {
    "lo_cm": [
      2.0,
      -1.0,
      0.0
    ],
    "hi_cm": [
      3.0,
      1.0,
      1.0
    ],
    "mass_g": 2.0,
    "mean_Gy_per_history": 4.634838856277073e-15,
    "sem_Gy_per_history": 1.3075981391223863e-17,
    "rel_err": 0.0028212375438931925
  },
  "lat_shallow_x3-4": {
    "lo_cm": [
      3.0,
      -1.0,
      0.0
    ],
    "hi_cm": [
      4.0,
      1.0,
      1.0
    ],
    "mass_g": 2.0,
    "mean_Gy_per_history": 4.4856317303277725e-15,
    "sem_Gy_per_history": 1.2832408804604118e-17,
    "rel_err": 0.0028607807274598604
  },
  "lat_shallow_x4-5": {
    "lo_cm": [
      4.0,
      -1.0,
      0.0
    ],
    "hi_cm": [
      5.0,
      1.0,
      1.0
    ],